unique_per_num_values,std_value,unique_value_size,min_value,max_value
0.010526315789473684,0.4679102002763023,3,1.0,3.0
0.007017543859649123,0.49616767055271244,2,1.0,2.0
0.010526315789473684,0.4089664058657637,3,1.0,3.0
0.02456140350877193,0.3647195419606001,7,0.0,6.0
0.042105263157894736,0.20479553674023743,16,0.0,15.0
0.06315789473684211,0.18746499001943928,24,1.0,25.0
0.0007331378299120235,0.34453294159304626,4,1.0,4.0
0.00042517006802721087,0.5000531547335791,2,6.0,7.0
0.001488095238095238,0.35479162859850666,7,0.0,6.0
0.001913265306122449,0.348136804332938,9,0.0,8.0
0.0006377551020408163,0.36795250813254043,3,1.0,3.0
0.00233843537414966,0.29856347626910484,11,1.0,11.0
0.00233843537414966,0.29856347626910484,11,1.0,11.0
0.0021258503401360546,0.24872120465154604,10,-1.0,8.0
0.00042517006802721087,0.029151290056924465,2,1.0,2.0
0.00233843537414966,0.25597682225503976,11,1.0,11.0
0.00233843537414966,0.25597682225503976,11,1.0,11.0
0.00042517006802721087,0.23976712199877329,2,1.0,2.0
0.00042517006802721087,0.42867641243905014,2,1.0,2.0
0.00042517006802721087,0.4353659810863605,2,1.0,2.0
0.00042517006802721087,0.24739052043472468,2,1.0,2.0
0.002976190476190476,0.19925411530499174,14,1.0,14.0
0.00042517006802721087,0.4999656452952273,2,1.0,2.0
0.00042517006802721087,0.2443785798096471,2,1.0,2.0
0.00042517006802721087,0.5000531547335791,2,6.0,7.0
0.001488095238095238,0.35479162859850666,7,0.0,6.0
0.001913265306122449,0.348136804332938,9,0.0,8.0
0.0006377551020408163,0.36795250813254043,3,1.0,3.0
0.00233843537414966,0.29856347626910484,11,1.0,11.0
0.00233843537414966,0.29856347626910484,11,1.0,11.0
0.00233843537414966,0.25597682225503976,11,1.0,11.0
0.00233843537414966,0.25597682225503976,11,1.0,11.0
0.001913265306122449,0.2671612975376518,9,-1.0,7.0
0.00042517006802721087,0.025248443318451875,2,1.0,2.0
0.00042517006802721087,0.23976712199877329,2,1.0,2.0
0.00042517006802721087,0.4619070511709906,2,1.0,2.0
0.00042517006802721087,0.4636476285001048,2,1.0,2.0
0.00042517006802721087,0.36171601000974574,2,1.0,2.0
0.00042517006802721087,0.141406933956516,2,1.0,2.0
0.002976190476190476,0.19925411530499174,14,1.0,14.0
0.00042517006802721087,0.4999656452952273,2,1.0,2.0
0.00042517006802721087,0.2443785798096471,2,1.0,2.0
0.00042517006802721087,0.5000531547335791,2,1.0,2.0
0.00042517006802721087,0.4974429836834652,2,1.0,2.0
0.00233843537414966,0.24668297090674393,11,0.0,10.0
0.00042517006802721087,0.497979002061552,2,1.0,2.0
0.00233843537414966,0.21234879229033693,11,0.0,10.0
0.00042517006802721087,0.49522648270661745,2,1.0,2.0
0.00042517006802721087,0.4996536326640415,2,1.0,2.0
0.00042517006802721087,0.4947696667181331,2,1.0,2.0
0.00042517006802721087,0.45893454484357776,2,1.0,2.0
0.0006377551020408163,0.4246654809265587,3,1.0,3.0
0.06191950464396285,0.3863574126456493,20,8191.0,10261.0
0.06191950464396285,0.3843412640187546,20,8191.0,10261.0
1.0,0.2900195481293177,323,3684.0,4006.0
0.021671826625386997,0.2036453589053717,7,0.0,6.0
0.021671826625386997,0.17843179870031275,7,0.0,6.0
0.1111111111111111,0.3360107525161235,7,1.0,7.0
0.047619047619047616,0.41152744587655077,3,1.0,3.0
0.047619047619047616,0.41152744587655077,3,1.0,3.0
0.047619047619047616,0.44385201170540034,3,1.0,3.0
1.0,0.4474870858010032,130,132560.0,135109.0
0.023076923076923078,0.2720590012826094,3,1.0,3.0
0.038461538461538464,0.39391995106537375,5,1.0,5.0
0.023076923076923078,0.2723602090658785,3,1.0,3.0
0.023076923076923078,0.29211461470054145,3,1.0,3.0
0.023076923076923078,0.38270994916233286,3,1.0,3.0
0.015384615384615385,0.25482815423967997,2,1.0,2.0
0.015384615384615385,0.37640612938648293,2,1.0,2.0
0.015384615384615385,0.320721458628893,2,1.0,2.0
0.023076923076923078,0.14554607964469662,3,1.0,3.0
0.002,0.4934769695938398,2,1.0,2.0
0.023809523809523808,0.5009831603797946,3,1.0,2.0
0.009852216748768473,0.21847366859655082,8,1.0,7.0
0.011135857461024499,0.1959549276557752,10,0.0,70.0
0.0077951002227171495,0.2911826832220514,7,0.0,85.0
0.005042016806722689,0.2506252261634383,3,1.0,2.0
0.008620689655172414,0.16809140308285814,5,1.0,5.0
0.008908685968819599,0.16422320358149795,8,0.0,700.0
0.00764525993883792,0.3459133681528447,5,1.0,4.0
0.1875,0.5,3,1.0,2.0
0.014218009478672985,0.4319657951803853,3,1.0,2.0
0.6666666666666666,0.4183300132670378,4,1.0,3.0
0.0022271714922048997,0.49857712941207233,2,1.0,2.0
0.026726057906458798,0.38348342362020327,24,0.0,4880.0
0.046875,0.47871355387816905,3,1.0,2.0
0.0033407572383073497,0.19497416439159385,3,1.0,3.0
0.3333333333333333,0.33333333333333337,3,1.0,2.0
0.005567928730512249,0.3525821511748381,5,1.0,5.0
2.740364194401436e-05,0.32842516153502804,2,1.0,2.0
4.110546291602154e-05,0.3301067684197485,3,1.0,3.0
0.0001370182097200718,0.19024558754218876,10,0.0,9.0
0.00021953595587327287,0.3339803392241257,16,1.0,15.0
4.1110532518431225e-05,0.18453889391976921,3,1.0,3.0
7.161887300541438e-05,0.17376341833265863,5,0.0,3.0
5.729920210861064e-05,0.26057774678102064,4,1.0,3.0
0.5473466423687708,0.13146947596041852,39947,4825.0,115717.0
6.851379867905396e-05,0.2907365567588087,5,1.0,4.0
0.0001781358765655403,0.25629058059683574,13,1.0,12.0
0.1417528952237374,0.0689209106000704,10343,0.0,35722.0
0.15596518878914548,0.07386233987791865,11380,0.0,36859.0
0.17441238950181595,0.08076472066442346,12726,0.0,39080.0
0.1844308915233331,0.08162069189141737,13457,0.0,41482.0
0.1419606979688446,0.06815317515985643,10316,0.0,35722.0
0.15503385258986074,0.07287904857826809,11266,0.0,36859.0
0.1719326250894479,0.07908656450730835,12494,0.0,39080.0
0.18155171464743766,0.08061600386451924,13193,0.0,41062.0
0.0008774495466510676,0.13345533376769447,3,1.0,2.0
0.0008774495466510676,0.15026270389331248,3,1.0,2.0
0.0010139347519285313,0.25996554210953476,74,835.0,99761.0
0.0020963786087170983,0.271113833868079,153,2764.0,99224.0
0.02758005897277652,0.038817688107279376,2011,1.0,45469.0
2.740364194401436e-05,0.1569749216134056,2,1.0,2.0
0.0038502116931340177,0.08511182322475482,281,462.0,7498.0
0.022222222222222223,0.27780260596675993,4,1.0,4.0
0.05555555555555555,0.34978812597015585,10,0.0,9.0
0.14444444444444443,0.2058957190308042,26,15.0,42.0
0.044444444444444446,0.17438517754334004,8,0.0,7.0
0.027777777777777776,0.27267939100586536,5,1.0,5.0
0.011111111111111112,0.33477342551461325,2,1.0,2.0
0.011111111111111112,0.2185528840543899,2,1.0,2.0
0.011111111111111112,0.27715635020345564,2,1.0,2.0
0.011111111111111112,0.4664737563498384,2,1.0,2.0
0.011111111111111112,0.2185528840543899,2,1.0,2.0
0.011111111111111112,0.31514630616471034,2,1.0,2.0
0.011111111111111112,0.40923540764487487,2,1.0,2.0
0.011111111111111112,0.16479394804867648,2,1.0,2.0
0.011111111111111112,0.4131227312330471,2,1.0,2.0
0.011111111111111112,0.37371754637596794,2,1.0,2.0
0.011111111111111112,0.34088284984498085,2,1.0,2.0
0.011111111111111112,0.3968763822881444,2,1.0,2.0
0.011111111111111112,0.26856863620418536,2,1.0,2.0
0.011111111111111112,0.40523422046102,2,1.0,2.0
0.011111111111111112,0.07453559924999298,2,1.0,2.0
0.011111111111111112,0.1478167201085097,2,1.0,2.0
0.011111111111111112,0.14781672010850969,2,1.0,2.0
0.011111111111111112,0.12837619299299347,2,1.0,2.0
0.011111111111111112,0.22970036888557685,2,1.0,2.0
0.011111111111111112,0.4404655851703161,2,1.0,2.0
0.011111111111111112,0.373717546375968,2,1.0,2.0
0.011111111111111112,0.2685686362041853,2,1.0,2.0
0.011111111111111112,0.3467952060793984,2,1.0,2.0
1.0,0.2886873156369769,35549,1.0,35549.0
0.009057920054009959,0.16769041201234022,322,-284.0,295.0
0.0006751244760752764,0.29562632612894074,24,1.0,24.0
0.0033407572383073497,0.254869012240338,12,1.0,11.0
0.0022830406719467856,0.11845114285021853,81,-99.0,99.0
0.0014086126602656241,0.16757471296373014,49,1.0,48.0
0.00018158157552280362,0.125081836252015,6,1.0,5.0
0.00025896672277612325,0.008995716153310867,4,1.0,3.0
0.0030284675953967293,0.05179923849206625,5,1.0,4.0
0.0007222451506397028,0.1197283650115796,7,1.0,6.0
0.004383218534752661,0.17220374287718462,7,1.0,6.0
0.004909983633387889,0.05560489207574354,6,1.0,5.0
0.0011933174224343676,0.15226288149252493,6,1.0,5.0
0.03968253968253968,0.08365546205460624,5,1.0,4.0
0.0018130924359055919,0.14065821589602232,57,2.0,70.0
0.007929870210327417,0.13272195461805641,256,4.0,280.0
0.0006544502617801048,0.0208855206981082,3,1.0,2.0
0.0005376665272716411,0.012546407257193637,18,0.0,8000.0
0.007650273224043716,0.2690269328584484,14,1.0,13.0
0.015268579838116261,0.26271701193887814,83,-2.0,99.0
0.0109204368174727,0.28703185448904384,7,1.0,6.0
0.0012911555842479018,0.25138516069669026,4,1.0,3.0
0.03076923076923077,0.3234855113050959,6,1.0,6.0
0.010256410256410256,0.42565121695884545,2,1.0,2.0
0.010256410256410256,0.5011221876945139,2,1.0,2.0
0.020618556701030927,0.32787131527533026,4,1.0,3.0
0.24615384615384617,0.16023845028213562,48,20.0,90.0
0.030927835051546393,0.1396848058555872,6,1.0,5.0
0.015384615384615385,0.41086229381378814,3,1.0,3.0
0.020512820512820513,0.2689413076650782,4,1.0,4.0
0.020512820512820513,0.39603284271902955,4,1.0,4.0
0.010256410256410256,0.44602986236113823,2,1.0,2.0
0.010256410256410256,0.48650843498238955,2,1.0,2.0
0.0015105740181268882,0.5001609649720282,2,1.0,2.0
0.0015105740181268882,0.5000770641640803,2,1.0,2.0
0.0015105740181268882,0.50017466172667,2,1.0,2.0
0.0015105740181268882,0.5001746617266701,2,1.0,2.0
0.0015105740181268882,0.5001866460793135,2,1.0,2.0
0.0015105740181268882,0.5001683840940181,2,1.0,2.0
0.0015105740181268882,0.5001837926880621,2,1.0,2.0
0.0015105740181268882,0.5001837926880621,2,1.0,2.0
0.0015105740181268882,0.5001837926880621,2,1.0,2.0
0.0015105740181268882,0.5001889287805946,2,1.0,2.0
0.0015105740181268882,0.41477002202544244,2,1.0,2.0
0.3170731707317073,0.18556108654739925,52,65.0,256.0
0.1073170731707317,0.298801481583146,22,1.0,22.0
0.00975609756097561,0.29744648956729386,2,1.0,2.0
0.00975609756097561,0.3855347141074621,2,1.0,2.0
0.014778325123152709,0.49742055222393516,3,1.0,2.0
0.024390243902439025,0.2091650066335189,5,1.0,5.0
0.014634146341463415,0.2780852753617625,3,1.0,3.0
0.00975609756097561,0.12037721677505213,2,1.0,2.0
0.8341463414634146,0.2019705987205736,171,1488.0,4066.0
0.03414634146341464,0.17888424999901412,7,1.0,7.0
0.03414634146341464,0.2091483341209075,7,1.0,7.0
0.2146341463414634,0.1571422393893579,44,61.0,326.0
0.03902439024390244,0.3120161271098822,8,1.0,8.0
0.2955665024630542,0.1654765366116399,60,48.0,288.0
0.11822660098522167,0.19564675911568014,24,4150.0,6600.0
0.14146341463414633,0.18172615702782277,29,13.0,49.0
0.14634146341463414,0.18122218765636383,30,16.0,54.0
0.9303482587064676,0.19728579370287658,187,5118.0,45400.0
0.02926829268292683,0.25944796636343015,6,1.0,6.0
0.00015164381899793764,0.30528289158089145,25,1.0,25.0
2.4263011039670024e-05,0.3792086215136912,4,1.0,4.0
6.672328035909257e-05,0.2785413129380971,11,1.0,11.0
0.03827781468476164,0.27441835628182537,2420,1.0,2707.0
0.0035905222865458227,0.08234027728577988,227,0.0,761.0
0.0031950903166619213,0.06924914418406299,202,0.0,759.0
0.023421540215687205,0.038083927431824226,1479,0.0,973051396.0
0.07112257735734875,0.19079015933619084,4466,518.0,9857967961.0
3.1634557590712096e-05,0.376788662254161,2,1.0,2.0
3.1634557590712096e-05,0.3618259514245969,2,1.0,2.0
3.1634557590712096e-05,0.3549795744557422,2,1.0,2.0
3.1634557590712096e-05,0.3417605683181458,2,1.0,2.0
3.1634557590712096e-05,0.4985097579365019,2,1.0,2.0
3.1634557590712096e-05,0.28604846385461685,2,1.0,2.0
3.1634557590712096e-05,0.26194205630322687,2,1.0,2.0
3.1634557590712096e-05,0.31560497215374966,2,1.0,2.0
3.1634557590712096e-05,0.40204793824834706,2,1.0,2.0
3.1634557590712096e-05,0.1984344199079921,2,1.0,2.0
3.1634557590712096e-05,0.17519577613804518,2,1.0,2.0
3.1634557590712096e-05,0.06604739722435106,2,1.0,2.0
3.1634557590712096e-05,0.11177612186139402,2,1.0,2.0
3.1634557590712096e-05,0.4577443984007847,2,1.0,2.0
3.1634557590712096e-05,0.0990137848200498,2,1.0,2.0
3.1634557590712096e-05,0.0644855828184691,2,1.0,2.0
3.1634557590712096e-05,0.163096838037098,2,1.0,2.0
3.1634557590712096e-05,0.18629188484967638,2,1.0,2.0
3.1634557590712096e-05,0.49778769613584506,2,1.0,2.0
3.1634557590712096e-05,0.3964071678869645,2,1.0,2.0
3.1634557590712096e-05,0.32200669457887915,2,1.0,2.0
3.1634557590712096e-05,0.4949865003726428,2,1.0,2.0
0.03773584905660377,0.40255994253964994,4,1.0,4.0
0.03773584905660377,0.3921970276984384,4,1.0,4.0
0.03773584905660377,0.3855739431657665,4,1.0,4.0
0.03773584905660377,0.3596943895981084,4,1.0,4.0
0.03773584905660377,0.3850168767830921,4,1.0,4.0
0.03773584905660377,0.4018525534235435,4,1.0,4.0
0.03773584905660377,0.41231177318005974,4,1.0,4.0
0.03773584905660377,0.4094325591171385,4,1.0,4.0
0.03773584905660377,0.40683979445084645,4,1.0,4.0
0.03773584905660377,0.4022498373104113,4,1.0,4.0
0.03773584905660377,0.41487034169639936,4,1.0,4.0
0.03773584905660377,0.3647654157475824,4,1.0,4.0
0.03773584905660377,0.39891036572668415,4,1.0,4.0
0.03773584905660377,0.3490599764021736,4,1.0,4.0
0.03773584905660377,0.4098833889445807,4,1.0,4.0
0.03773584905660377,0.39285827729060163,4,1.0,4.0
0.03773584905660377,0.31576968214716616,4,1.0,4.0
0.03773584905660377,0.3692941336291089,4,1.0,4.0
0.03773584905660377,0.3592083627904178,4,1.0,4.0
0.03773584905660377,0.37899316498786256,4,1.0,4.0
0.03773584905660377,0.3980585810183371,4,1.0,4.0
0.03773584905660377,0.3854703638641888,4,1.0,4.0
0.03773584905660377,0.3618527413314766,4,1.0,4.0
0.03773584905660377,0.3794801591322035,4,1.0,4.0
0.03773584905660377,0.3959589222434858,4,1.0,4.0
0.03773584905660377,0.3861431326824804,4,1.0,4.0
0.03773584905660377,0.37139670116147083,4,1.0,4.0
0.03773584905660377,0.3568522327557463,4,1.0,4.0
0.03773584905660377,0.3605398988576215,4,1.0,4.0
0.03773584905660377,0.36956436206687077,4,1.0,4.0
0.03773584905660377,0.41408755540824366,4,1.0,4.0
0.03773584905660377,0.38236299183133854,4,1.0,4.0
0.03773584905660377,0.4009696742206375,4,1.0,4.0
0.03773584905660377,0.37492803209452685,4,1.0,4.0
0.03773584905660377,0.3772506584476578,4,1.0,4.0
0.03773584905660377,0.378096513003826,4,1.0,4.0
0.03773584905660377,0.3823499372215997,4,1.0,4.0
0.03773584905660377,0.3897585791550425,4,1.0,4.0
0.03773584905660377,0.4172218523448575,4,1.0,4.0
0.03773584905660377,0.41850000975044926,4,1.0,4.0
0.03773584905660377,0.4088103300967461,4,1.0,4.0
0.03773584905660377,0.3656401542117163,4,1.0,4.0
0.03773584905660377,0.3898098025195895,4,1.0,4.0
0.03773584905660377,0.3785846605623868,4,1.0,4.0
0.03773584905660377,0.3840173201644469,4,1.0,4.0
0.03773584905660377,0.3556893653570938,4,1.0,4.0
0.03773584905660377,0.3678857460304421,4,1.0,4.0
0.03773584905660377,0.3715579443099478,4,1.0,4.0
0.03773584905660377,0.3471672612985852,4,1.0,4.0
0.03773584905660377,0.3509282603401454,4,1.0,4.0
0.03773584905660377,0.3671115491071762,4,1.0,4.0
0.03773584905660377,0.39373399018430577,4,1.0,4.0
0.03773584905660377,0.3900530216374814,4,1.0,4.0
0.03773584905660377,0.37095292111202116,4,1.0,4.0
0.03773584905660377,0.3626244007575303,4,1.0,4.0
0.03773584905660377,0.3741150417857672,4,1.0,4.0
0.03773584905660377,0.39317578989176466,4,1.0,4.0
0.02308214528173795,0.24931044713547315,34,16.0,49.0
0.0027155465037338763,0.3383313993466827,4,1.0,4.0
0.0027155465037338763,0.2721161920508385,4,1.0,4.0
0.010183299389002037,0.14740930391796359,15,0.0,16.0
0.0013577732518669382,0.35655915962199,2,1.0,2.0
0.0013577732518669382,0.43345342740263065,2,1.0,2.0
0.0027155465037338763,0.2882857568700255,4,1.0,4.0
0.0027155465037338763,0.32538683418041364,4,1.0,4.0
0.0013577732518669382,0.26185758346836996,2,1.0,2.0
0.002036659877800407,0.43818796503383445,3,1.0,3.0
0.09802566633761106,0.2912670368259951,993,16.0,1008.0
0.09792694965449161,0.2883869537739367,992,16.0,1008.0
0.0004935834155972359,0.16115019501515532,5,1.0,5.0
1.0,0.27490949739527154,1966,20827151.0,21436078.0
0.0752797558494405,0.03029358290133262,148,0.0,5282.0
0.0676500508646999,0.02974397207837231,133,0.0,4671.0
0.018819938962360123,0.032437484790540205,37,0.0,365.0
0.001017293997965412,0.3121686375270315,2,1.0,2.0
0.001017293997965412,0.3973279913269319,2,1.0,2.0
0.004069175991861648,0.3107708781307821,8,1.0,8.0
0.0007892659826361484,0.24326489895353373,2,1.0,2.0
0.0035149384885764497,0.48391795640316865,2,1.0,2.0
0.003404404728301653,0.1400623983244813,1978,1859.0,3858.0
0.0006213296799377638,0.3108714472313762,361,0.0,360.0
0.00011531603478069299,0.11345820931030509,67,0.0,66.0
0.0009483453009576394,0.1521469975626923,551,0.0,1397.0
0.001204794393231121,0.0753168367272445,700,-173.0,601.0
0.009956765092631478,0.21908878318077962,5785,0.0,7117.0
0.0003562749134269172,0.10539326301292178,207,0.0,254.0
0.00031840994678251054,0.0778295163530174,185,0.0,254.0
0.0004388893861056226,0.15068712295830955,255,0.0,254.0
0.010029052756225345,0.18460828241741378,5827,0.0,7173.0
3.4422696949460596e-06,0.49737877529822694,2,1.0,2.0
3.4422696949460596e-06,0.22088227835340096,2,1.0,2.0
3.4422696949460596e-06,0.4958970052822476,2,1.0,2.0
3.4422696949460596e-06,0.24408734404115728,2,1.0,2.0
3.4422696949460596e-06,0.07203855962336295,2,1.0,2.0
3.4422696949460596e-06,0.11306555332463278,2,1.0,2.0
3.4422696949460596e-06,0.09073114340173845,2,1.0,2.0
3.4422696949460596e-06,0.14449925009498282,2,1.0,2.0
3.4422696949460596e-06,0.05235553437289723,2,1.0,2.0
3.4422696949460596e-06,0.10577532120143628,2,1.0,2.0
3.4422696949460596e-06,0.01344197941363587,2,1.0,2.0
3.4422696949460596e-06,0.017549608330903348,2,1.0,2.0
3.4422696949460596e-06,0.04438747374857364,2,1.0,2.0
3.4422696949460596e-06,0.23024512189599594,2,1.0,2.0
3.4422696949460596e-06,0.144579045661508,2,1.0,2.0
3.4422696949460596e-06,0.2211861071360911,2,1.0,2.0
3.4422696949460596e-06,0.17059040277929835,2,1.0,2.0
3.4422696949460596e-06,0.03209203434149938,2,1.0,2.0
3.4422696949460596e-06,0.002272308686899191,2,1.0,2.0
3.4422696949460596e-06,0.0698044415171223,2,1.0,2.0
3.4422696949460596e-06,0.07651826372232709,2,1.0,2.0
3.4422696949460596e-06,0.057076772986481526,2,1.0,2.0
3.4422696949460596e-06,0.0829023473397966,2,1.0,2.0
3.4422696949460596e-06,0.12522802739167155,2,1.0,2.0
3.4422696949460596e-06,0.03795040474080569,2,1.0,2.0
3.4422696949460596e-06,0.23268054915182682,2,1.0,2.0
3.4422696949460596e-06,0.2991972202709321,2,1.0,2.0
3.4422696949460596e-06,0.1878328368985242,2,1.0,2.0
3.4422696949460596e-06,0.028550897740997873,2,1.0,2.0
3.4422696949460596e-06,0.06660457685375035,2,1.0,2.0
3.4422696949460596e-06,0.04319330879373821,2,1.0,2.0
3.4422696949460596e-06,0.04031805239845808,2,1.0,2.0
3.4422696949460596e-06,0.3987617664461752,2,1.0,2.0
3.4422696949460596e-06,0.2218791277028476,2,1.0,2.0
3.4422696949460596e-06,0.20548313855427727,2,1.0,2.0
3.4422696949460596e-06,0.2867431918891412,2,1.0,2.0
3.4422696949460596e-06,0.26772457957496404,2,1.0,2.0
3.4422696949460596e-06,0.05258388408562192,2,1.0,2.0
3.4422696949460596e-06,0.05695681459947712,2,1.0,2.0
3.4422696949460596e-06,0.014309907410203451,2,1.0,2.0
3.4422696949460596e-06,0.022641466434728558,2,1.0,2.0
3.4422696949460596e-06,0.16150809446310413,2,1.0,2.0
3.4422696949460596e-06,0.1523069124183252,2,1.0,2.0
3.4422696949460596e-06,0.1217914363007135,2,1.0,2.0
1.204794393231121e-05,0.23275071934656805,7,1.0,7.0
0.01256281407035176,0.33213528695575734,5,1.0,5.0
0.20603015075376885,0.2694311063855191,82,68.0,455.0
0.23979591836734693,0.20919108659145916,94,46.0,230.0
0.8819095477386935,0.2401025727806427,351,1613.0,5140.0
0.007537688442211055,0.4010274388633074,3,1.0,3.0
0.27956989247311825,0.16894933850763635,26,3900.0,8100.0
0.021505376344086023,0.47764421122826245,2,1.0,2.0
0.3333333333333333,0.3107503309471633,31,65.0,98.0
0.9247311827956989,0.28382690134429184,86,280.0,774.0
0.053763440860215055,0.2597446331058689,5,1.0,5.0
0.4153846153846154,0.27836172068223114,54,0.03,57.0
0.022900763358778626,0.4713768391491046,3,1.0,2.0
0.30952380952380953,0.16357078251576287,39,35.0,86.0
0.030303030303030304,0.08697807045162889,4,1.0,77.0
0.04,0.4745789978762496,3,1.0,2.0
0.8,0.23820277174738116,20,900.0,300000.0
0.8,0.23776944223432842,20,1890.0,630000.0
0.4,0.3267287876515813,10,1.0,15.0
0.88,0.23853479553232532,22,360.0,126000.0
0.88,0.23853479553232532,22,360.0,126000.0
0.88,0.23853479553232532,22,360.0,126000.0
0.88,0.23853479553232532,22,360.0,126000.0
0.88,0.23853479553232532,22,360.0,126000.0
0.88,0.23853479553232532,22,360.0,126000.0
0.88,0.23853479553232532,22,360.0,126000.0
0.88,0.23853479553232532,22,360.0,126000.0
0.88,0.23853479553232532,22,360.0,126000.0
0.88,0.23853479553232532,22,360.0,126000.0
0.88,0.23853479553232532,22,360.0,126000.0
0.88,0.23853479553232532,22,360.0,126000.0
0.88,0.23853479553232532,22,360.0,126000.0
0.88,0.23853479553232532,22,360.0,126000.0
0.88,0.23853479553232532,22,360.0,126000.0
0.88,0.23853479553232532,22,360.0,126000.0
0.88,0.23853479553232532,22,360.0,126000.0
0.88,0.23853479553232532,22,360.0,126000.0
0.88,0.23853479553232532,22,360.0,126000.0
0.88,0.23853479553232532,22,360.0,126000.0
0.88,0.23853479553232532,22,360.0,126000.0
0.88,0.23853479553232532,22,360.0,126000.0
0.88,0.23853479553232532,22,360.0,126000.0
0.88,0.23853479553232532,22,360.0,126000.0
0.88,0.23853479553232532,22,360.0,126000.0
0.88,0.23853479553232532,22,360.0,126000.0
0.88,0.23853479553232532,22,360.0,126000.0
0.88,0.23853479553232532,22,360.0,126000.0
0.88,0.23853479553232532,22,360.0,126000.0
0.88,0.23853479553232532,22,360.0,126000.0
0.88,0.23853479553232532,22,360.0,126000.0
0.88,0.23853479553232532,22,360.0,126000.0
0.88,0.23853479553232532,22,360.0,126000.0
0.95,0.260962699373485,19,360.0,126000.0
0.95,0.260962699373485,19,360.0,126000.0
0.95,0.260962699373485,19,360.0,126000.0
0.1111111111111111,0.39440531887330776,4,1.0,4.0
0.5555555555555556,0.23065473350057542,20,7.0,33.0
0.8611111111111112,0.31770509038051953,31,17.0,172.0
0.5,0.32396931091628706,18,5.0,42.0
0.9722222222222222,0.26476409665223927,35,162.0,409.0
0.8611111111111112,0.20862310370438467,31,175.0,655.0
0.1388888888888889,0.2423430599999899,5,1.0,5.0
1.0,0.2965647605547828,36,1162.0,3993.0
0.08333333333333333,0.4140393356054125,3,1.0,3.0
0.010416666666666666,0.2923605637000733,11,1.0,12.0
5.2612195506918506e-05,0.19691248790503,2,1.0,2.0
0.00018414268427421475,0.3333264565703885,7,1.0,7.0
0.0013679170831798811,0.29746053718561344,52,1.0,52.0
0.001262692692166044,0.29476212647638866,48,1.0,48.0
0.000821866963599247,0.15310116773123786,31,-4.0,25.0
0.04041148149122576,0.21396095890904201,1536,1.0,1769.0
0.07207207207207207,0.35739159670759274,16,1.0,23.0
0.009009009009009009,0.4902539609542173,2,1.0,2.0
0.009607843137254901,0.18850936612508007,49,41.0,104.0
0.01588235294117647,0.1471451242392539,81,28.0,137.0
0.013529411764705882,0.20274513358415341,69,62.0,139.0
0.015294117647058824,0.13513639328763155,78,44.0,144.0
0.009411764705882352,0.18987292897838678,48,42.0,104.0
0.014901960784313726,0.14651005253014507,76,29.0,137.0
0.013333333333333334,0.2024098272598738,68,62.0,139.0
0.014901960784313726,0.12114659096208029,76,46.0,157.0
0.009215686274509804,0.18896949542278813,47,42.0,104.0
0.015098039215686275,0.1591194710953205,77,29.0,130.0
0.013529411764705882,0.19485040441742657,69,60.0,140.0
0.01588235294117647,0.1174375134413787,81,34.0,150.0
0.009607843137254901,0.18824481170621837,49,41.0,104.0
0.015098039215686275,0.14356998813000432,77,27.0,137.0
0.013137254901960785,0.2043506181341379,67,62.0,139.0
0.01431372549019608,0.12771949272016464,73,44.0,150.0
0.009607843137254901,0.18615741642192654,49,41.0,104.0
0.01411764705882353,0.15111968730953332,72,27.0,130.0
0.013137254901960785,0.20371392141218556,67,62.0,139.0
0.014705882352941176,0.13299324637310608,75,44.0,146.0
0.009215686274509804,0.18804429926632335,47,42.0,104.0
0.01431372549019608,0.15554924728254352,73,29.0,130.0
0.013529411764705882,0.20144196706031586,69,60.0,138.0
0.01647058823529412,0.11775589608316317,84,34.0,150.0
0.009607843137254901,0.18717258668309847,49,40.0,104.0
0.015294117647058824,0.15594709233291948,78,27.0,131.0
0.013529411764705882,0.19901058581566836,69,60.0,139.0
0.015294117647058824,0.1285037409702396,78,44.0,151.0
0.009411764705882352,0.18754708539930573,48,41.0,104.0
0.015294117647058824,0.1545239237018583,78,27.0,130.0
0.013333333333333334,0.20436246200770697,68,62.0,139.0
0.015294117647058824,0.12501054144862347,78,42.0,151.0
0.009607843137254901,0.18299202089648686,49,40.0,104.0
0.014901960784313726,0.1545762043254029,76,27.0,130.0
0.013725490196078431,0.17854653457527592,70,50.0,138.0
0.01568627450980392,0.11616121082145411,80,29.0,147.0
0.000392156862745098,0.1203846378745616,2,1.0,2.0
0.08094435075885328,0.12704524281968707,48,0.0,115.0
0.09949409780775717,0.1257719591172583,59,0.0,237.0
0.00505902192242833,0.10534678204619814,3,0.0,3.0
0.003372681281618887,0.45494562891879864,2,1.0,2.0
0.003372681281618887,0.44934486338794766,2,1.0,2.0
0.003372681281618887,0.49740679335046384,2,1.0,2.0
0.003372681281618887,0.4331343859474223,2,1.0,2.0
0.003372681281618887,0.45098376280509445,2,1.0,2.0
0.003372681281618887,0.46637298387005793,2,1.0,2.0
0.005063291139240506,0.4999261013307363,2,1.0,2.0
0.020253164556962026,0.18229181780080406,8,15.0,22.0
0.005063291139240506,0.41664278455406667,2,1.0,2.0
0.005063291139240506,0.4536897075133972,2,1.0,2.0
0.005063291139240506,0.30538443691238637,2,1.0,2.0
0.012658227848101266,0.27368378535713417,5,1.0,5.0
0.012658227848101266,0.272050136456736,5,1.0,5.0
0.012658227848101266,0.3068681457198625,5,1.0,5.0
0.012658227848101266,0.21588546669428182,5,1.0,5.0
0.010126582278481013,0.4027453320225608,4,1.0,4.0
0.007594936708860759,0.2683418064071667,3,1.0,3.0
0.010126582278481013,0.23250158496956078,4,1.0,4.0
0.010126582278481013,0.27974678213951854,4,1.0,4.0
0.010126582278481013,0.24788365786875025,4,1.0,4.0
0.005063291139240506,0.3357512595779304,2,1.0,2.0
0.005063291139240506,0.4877606263123417,2,1.0,2.0
0.005063291139240506,0.49888393076934784,2,1.0,2.0
0.005063291139240506,0.5005554968592092,2,1.0,2.0
0.005063291139240506,0.40425990979104987,2,1.0,2.0
0.005063291139240506,0.2195249935017859,2,1.0,2.0
0.005063291139240506,0.37352808216970257,2,1.0,2.0
0.005063291139240506,0.47230025615792803,2,1.0,2.0
0.010126582278481013,0.2007290360202137,4,2.0,5.0
0.012658227848101266,0.24971550991643013,5,1.0,5.0
0.012658227848101266,0.2783195435045856,5,1.0,5.0
0.012658227848101266,0.22268535702274173,5,1.0,5.0
0.012658227848101266,0.32197414811277336,5,1.0,5.0
0.012658227848101266,0.3475758478273943,5,1.0,5.0
0.08607594936708861,0.10670794249477575,34,0.0,75.0
0.043037974683544304,0.36889378669125095,17,1.0,17.0
0.043037974683544304,0.34952885751455515,17,1.0,17.0
0.04556962025316456,0.33575337862106425,18,1.0,18.0
0.13122171945701358,0.21848379703401818,58,19.0,79.0
0.3190045248868778,0.169647312132564,141,97.0,301.0
0.4841628959276018,0.2401651231557355,214,25.0,346.0
0.001703125345601734,0.13790600053214833,77,18.0,95.0
0.0002654221317820884,0.2975142655563082,12,1.0,12.0
6.63555329455221e-05,0.3041148879218557,3,1.0,3.0
8.847404392736281e-05,0.24933249276222066,4,1.0,4.0
4.4237021963681406e-05,0.1330489390167439,2,1.0,2.0
0.15854548671783417,0.02764299955666586,7168,-8019.0,102127.0
4.4237021963681406e-05,0.49687781026196304,2,1.0,2.0
4.4237021963681406e-05,0.3668200383232982,2,1.0,2.0
6.63555329455221e-05,0.44897547940320376,3,1.0,3.0
0.034792417774435425,0.052364337589502215,1573,0.0,4918.0
0.0010616885271283536,0.049968078762567245,48,1.0,63.0
0.012364247638848953,0.11482654356719994,559,-1.0,871.0
0.0009068589502554688,0.00837614925429535,41,0.0,275.0
8.847404392736281e-05,0.32968634416272713,4,1.0,4.0
4.4237021963681406e-05,0.3214057326156639,2,1.0,2.0
3.9024047593728445e-06,0.37257876105390386,4,1.0,4.0
1.2682815467961745e-05,0.31196055039129106,13,1.0,13.0
3.9024047593728445e-06,0.37288187186323457,4,1.0,4.0
1.2682815467961745e-05,0.31200428780132716,13,1.0,13.0
3.9024047593728445e-06,0.3727819686051262,4,1.0,4.0
1.2682815467961745e-05,0.31183041438965303,13,1.0,13.0
3.9024047593728445e-06,0.37240508610417866,4,1.0,4.0
1.2682815467961745e-05,0.31178522904037254,13,1.0,13.0
3.9024047593728445e-06,0.3729806501013935,4,1.0,4.0
1.2682815467961745e-05,0.31166118930554326,13,1.0,13.0
9.75601189843211e-06,0.13455522709245776,10,1.0,10.0
0.11462907326091981,0.29050607712984294,992,16.0,1008.0
0.1147446267621909,0.29045043906104673,993,16.0,1008.0
0.0005777675063554426,0.16522639537058842,5,1.0,5.0
1.0,0.2888941505096509,1978,1.0,1978.0
0.0015205271160669033,0.490812736021402,3,1.0,2.0
0.0015212981744421906,0.46870174138717363,3,1.0,2.0
0.0010111223458038423,0.48239657745121445,2,1.0,2.0
0.0035407182599898838,0.07859367841234094,7,1.0,6.0
0.00266844563042028,0.3429535387058456,4,1.0,3.0
0.005561172901921132,0.36419053528255463,11,1.0,11.0
0.003033367037411527,0.27744142087478174,6,1.0,6.0
0.021834061135371178,0.27838107065249484,5,1.0,4.0
0.012651821862348178,0.06196917615004526,25,0.0,47.0
0.02479757085020243,0.15532202576121626,49,0.0,50.0
0.01762114537444934,0.11891908534669102,4,1.0,3.0
0.009987515605493134,0.15548336339789537,8,1.0,7.0
0.2328042328042328,0.22463206667755203,44,4.0,309.0
0.04242424242424243,0.38075662798708776,7,1.0,6.0
0.01764705882352941,0.21239030460388725,3,1.0,2.0
0.004705882352941176,0.20405212641071027,6,1.0,5.0
0.08108108108108109,0.1643989873053573,3,1.0,2.0
0.009501187648456057,0.05443772287030521,4,1.0,3.0
0.0015174506828528073,0.05023907709371446,3,1.0,2.0
0.0015166835187057635,0.33793309444628417,3,1.0,3.0
0.04808277541083384,0.20074499101589505,79,1.0,78.0
0.06773283160865474,0.2530417069044545,72,1.0,71.0
0.325,0.2474600791682273,13,1.0,12.0
0.0036991368680641184,0.46931703878849373,3,1.0,2.0
0.003937007874015748,0.217816746799056,3,1.0,2.0
0.004005340453938585,0.06320309317971869,3,1.0,2.0
0.003931847968545216,0.34472107998546725,3,1.0,2.0
0.004,0.1354351473131176,3,1.0,2.0
0.003861003861003861,0.34208805991379027,3,1.0,2.0
0.0037220843672456576,0.3408584995940787,3,1.0,2.0
0.0037974683544303796,0.3116617521627351,3,1.0,2.0
0.003821656050955414,0.285173510071016,3,1.0,2.0
0.003952569169960474,0.1715328622369975,3,1.0,2.0
0.0038809831824062097,0.23430068020804623,3,1.0,2.0
0.004054054054054054,0.16227184236554515,3,1.0,2.0
0.003989361702127659,0.12013693776057587,3,1.0,2.0
0.0039011703511053317,0.2222030316088798,3,1.0,2.0
0.003942181340341655,0.27968049113500215,3,1.0,2.0
0.004016064257028112,0.10917412528364055,3,1.0,2.0
0.04922279792746114,0.3256557007251795,38,1.0,37.0
0.002556237218813906,0.29685707724862836,5,1.0,4.0
0.02759381898454746,0.14538160218216928,50,-1.0,55.0
0.0010111223458038423,0.11173896586750413,2,1.0,2.0
0.0016759776536312849,0.47238541208816287,3,1.0,2.0
0.040768782760629,0.09651959985804731,70,0.0,126.0
0.026744186046511628,0.151025763578005,46,0.0,49.0
0.014534883720930232,0.06436560465033526,25,0.0,47.0
0.01744186046511628,0.09181417829916881,30,0.0,41.0
0.023837209302325583,0.16303751447320902,41,0.0,42.0
0.02441860465116279,0.12185225078616109,42,0.0,46.0
0.014534883720930232,0.07154566904392172,25,0.0,42.0
0.012790697674418604,0.10611259378239564,22,0.0,23.0
0.011627906976744186,0.054046075099422504,20,0.0,34.0
0.027906976744186046,0.14420901979200398,48,0.0,52.0
0.0020222446916076846,0.301916483706438,4,1.0,4.0
0.0010111223458038423,0.1993928653598277,2,1.0,2.0
0.0016620498614958448,0.38798876690251327,3,1.0,2.0
0.0026695141484249867,0.07384088508597517,5,1.0,4.0
0.9989888776541962,0.2687234159923249,1976,11.0,18056.0
1.0,0.2647476278201775,1978,14.0,20658.0
1.0,0.2888941505096509,1978,1.0,1978.0
0.019002375296912115,0.02361215929765922,104,1.0,804.0
0.08258724648273341,0.20782927084122074,452,1.0,553.0
0.2548876301845423,0.03367950321617195,1395,7.0,143993.0
0.19532249223460624,0.03848328027635656,1069,7.0,33017.0
0.3139046226932213,0.04079053683262274,1718,7.0,46133.0
0.10615750045678787,0.052104752955435665,581,1.0,3212.0
0.0009135757354284671,0.15094833638820146,5,1.0,5.0
0.13548387096774195,0.3145391159571629,21,1.0,21.0
0.05806451612903226,0.34521336215277726,9,1.0,10.0
0.03870967741935484,0.21316534371713525,6,0.0,5.0
0.03870967741935484,0.2913815811036305,6,1.0,6.0
0.03870967741935484,0.2822377513787084,6,1.0,6.0
0.01935483870967742,0.2270925133850206,3,1.0,3.0
0.01935483870967742,0.3692177443912409,3,1.0,3.0
0.025806451612903226,0.33154105508940185,4,1.0,4.0
0.014893617021276596,0.11596804672451705,7,1.0,7.0
0.006382978723404255,0.26768738288236016,3,1.0,3.0
0.00425531914893617,0.24847217220486695,2,1.0,2.0
0.00425531914893617,0.3521536000876766,2,1.0,2.0
0.00425531914893617,0.24847217220486698,2,1.0,2.0
0.00425531914893617,0.46411390286233056,2,1.0,2.0
0.00425531914893617,0.37243885647190256,2,1.0,2.0
0.00851063829787234,0.23408099646831607,4,1.0,4.0
0.00425531914893617,0.26281085572628726,2,1.0,2.0
0.00425531914893617,0.06516322562441582,2,1.0,2.0
0.00425531914893617,0.12948833032876197,2,1.0,2.0
0.00425531914893617,0.3835287677029765,2,1.0,2.0
0.00425531914893617,0.06516322562441583,2,1.0,2.0
0.09574468085106383,0.1319227548224861,45,21.0,87.0
0.00425531914893617,0.3564048992466992,2,1.0,2.0
0.0014577259475218659,0.4971032701256608,2,1.0,2.0
0.005952380952380952,0.20848268042660512,6,1.0,5.0
0.005964214711729622,0.2926420978707075,6,1.0,5.0
0.005970149253731343,0.28472902561103736,6,1.0,5.0
0.005970149253731343,0.26903394588485274,6,1.0,5.0
0.005982053838484547,0.31314253212141335,6,1.0,5.0
0.005952380952380952,0.31521114347966056,6,1.0,5.0
0.005958291956305859,0.2903500359974639,6,1.0,5.0
0.00597609561752988,0.29621517612181697,6,1.0,5.0
0.005958291956305859,0.34324866521895026,6,1.0,5.0
0.005988023952095809,0.3252763238081369,6,1.0,5.0
0.005964214711729622,0.34391912936905383,6,1.0,5.0
0.005982053838484547,0.3036083935737252,6,1.0,5.0
0.00597609561752988,0.3144840207426936,6,1.0,5.0
0.005982053838484547,0.3093172564074822,6,1.0,5.0
0.005982053838484547,0.3367932170733853,6,1.0,5.0
0.005988023952095809,0.3319753855556798,6,1.0,5.0
0.005982053838484547,0.3310248559534066,6,1.0,5.0
0.005946481665014866,0.2960236155528239,6,1.0,5.0
0.00597609561752988,0.173674975355067,6,1.0,5.0
0.005952380952380952,0.3527695224444714,6,1.0,5.0
0.005946481665014866,0.29948770929003804,6,1.0,5.0
0.005958291956305859,0.19494735364507784,6,1.0,5.0
0.005958291956305859,0.3023722185038562,6,1.0,5.0
0.005952380952380952,0.32797291473379103,6,1.0,5.0
0.005952380952380952,0.3370665618489783,6,1.0,5.0
0.005958291956305859,0.2954401472166222,6,1.0,5.0
0.005958291956305859,0.3048590073698453,6,1.0,5.0
0.005988023952095809,0.2833417623155387,6,1.0,5.0
0.005964214711729622,0.28465821314278744,6,1.0,5.0
0.005952380952380952,0.30902530654762295,6,1.0,5.0
0.005952380952380952,0.3158807372750488,6,1.0,5.0
0.005970149253731343,0.3145871658760037,6,1.0,5.0
0.005946481665014866,0.32361395651310176,6,1.0,5.0
0.005958291956305859,0.3381239590447097,6,1.0,5.0
0.005958291956305859,0.3067745253957548,6,1.0,5.0
0.005964214711729622,0.23016566779606581,6,1.0,5.0
0.00597609561752988,0.3304414266499247,6,1.0,5.0
0.005970149253731343,0.3368245816368964,6,1.0,5.0
0.00597609561752988,0.3460316428597307,6,1.0,5.0
0.006,0.3445717155646516,6,1.0,5.0
0.00597609561752988,0.37398100103426146,6,1.0,5.0
0.005994005994005994,0.32055790059265055,6,1.0,5.0
0.005970149253731343,0.2852969036016579,6,1.0,5.0
0.005970149253731343,0.3450867349108121,6,1.0,5.0
0.005946481665014866,0.3106609920447492,6,1.0,5.0
0.005964214711729622,0.3602071335426647,6,1.0,5.0
0.00597609561752988,0.33050049199154147,6,1.0,5.0
0.005958291956305859,0.3299102134705227,6,1.0,5.0
0.005982053838484547,0.29904402151193227,6,1.0,5.0
0.005958291956305859,0.3625996515548423,6,1.0,5.0
0.005946481665014866,0.37821249455121964,6,1.0,5.0
0.00597609561752988,0.3219339274248154,6,1.0,5.0
0.006030150753768844,0.35125666147025986,6,1.0,5.0
0.005964214711729622,0.37602786345737416,6,1.0,5.0
0.005982053838484547,0.29385515587058464,6,1.0,5.0
0.005952380952380952,0.317562747561632,6,1.0,5.0
0.005952380952380952,0.3215390143403165,6,1.0,5.0
0.00597609561752988,0.3206497154605709,6,1.0,5.0
0.005988023952095809,0.33134381953239983,6,1.0,5.0
0.004970178926441352,0.2457276878696621,5,2.0,5.0
0.005958291956305859,0.35524635807704213,6,1.0,5.0
0.005964214711729622,0.38634242521522455,6,1.0,5.0
0.005958291956305859,0.302838493492387,6,1.0,5.0
0.005946481665014866,0.29105777242626313,6,1.0,5.0
0.005952380952380952,0.3136954797537038,6,1.0,5.0
0.005958291956305859,0.3238636748371417,6,1.0,5.0
0.005970149253731343,0.38592384139048813,6,1.0,5.0
0.0049504950495049506,0.3752455227282089,5,1.0,5.0
0.005958291956305859,0.3501487141777758,6,1.0,5.0
0.005946481665014866,0.34661656476632674,6,1.0,5.0
0.005946481665014866,0.3417072686174863,6,1.0,5.0
0.005946481665014866,0.30365924006594974,6,1.0,5.0
0.00499001996007984,0.38651672968878603,5,1.0,4.0
0.003980099502487562,0.4147975957621267,4,1.0,3.0
0.005958291956305859,0.23421635527717416,6,1.0,5.0
0.005982053838484547,0.2796079894733815,6,1.0,5.0
0.005970149253731343,0.3051572123728135,6,1.0,5.0
0.005958291956305859,0.35205596871882205,6,1.0,5.0
0.005970149253731343,0.31932137481457534,6,1.0,5.0
0.005958291956305859,0.28422750300329697,6,1.0,5.0
0.005982053838484547,0.3448424710686854,6,1.0,5.0
0.005964214711729622,0.23339856885139862,6,1.0,5.0
0.005946481665014866,0.22477288298009482,6,1.0,5.0
0.005964214711729622,0.3384247072164303,6,1.0,5.0
0.00597609561752988,0.2811935498458772,6,1.0,5.0
0.005964214711729622,0.28219268889933935,6,1.0,5.0
0.005946481665014866,0.2617207132116366,6,1.0,5.0
0.005982053838484547,0.3761096699500656,6,1.0,5.0
0.005964214711729622,0.3002522973995477,6,1.0,5.0
0.005958291956305859,0.39366966551170024,6,1.0,5.0
0.005970149253731343,0.2982520035079056,6,1.0,5.0
0.005964214711729622,0.24291349420868846,6,1.0,5.0
0.005964214711729622,0.2893531758561332,6,1.0,5.0
0.005970149253731343,0.2829325301798322,6,1.0,5.0
0.0049504950495049506,0.3036129615921744,5,1.0,5.0
0.00597609561752988,0.32732661865551577,6,1.0,5.0
0.005982053838484547,0.29741919635278113,6,1.0,5.0
0.005952380952380952,0.2631448163156726,6,1.0,5.0
0.005946481665014866,0.2829391428841027,6,1.0,5.0
0.005964214711729622,0.31339746059843193,6,1.0,5.0
0.005946481665014866,0.2688298080233644,6,1.0,5.0
0.005952380952380952,0.31959685202202187,6,1.0,5.0
0.005952380952380952,0.37075245002397905,6,1.0,5.0
0.0049504950495049506,0.17078694169701314,5,1.0,5.0
0.005958291956305859,0.25783589994479233,6,1.0,5.0
0.0049504950495049506,0.2638369920883986,5,1.0,5.0
0.003968253968253968,0.4070565628957604,4,1.0,3.0
0.00496031746031746,0.3488774170857059,5,1.0,4.0
0.005958291956305859,0.2507267023799967,6,1.0,5.0
0.005952380952380952,0.2881062495721734,6,1.0,5.0
0.005964214711729622,0.261168820960595,6,1.0,5.0
0.005958291956305859,0.23595160656148723,6,1.0,5.0
0.005970149253731343,0.27329751623084847,6,1.0,5.0
0.005952380952380952,0.2339221654971673,6,1.0,5.0
0.00597609561752988,0.29302916995709904,6,1.0,5.0
0.005964214711729622,0.2802256521628331,6,1.0,5.0
0.005952380952380952,0.27580813201870386,6,1.0,5.0
0.005964214711729622,0.29345856898922434,6,1.0,5.0
0.005952380952380952,0.2731130026867382,6,1.0,5.0
0.005952380952380952,0.31704317600479376,6,1.0,5.0
0.005958291956305859,0.27959495403459905,6,1.0,5.0
0.005958291956305859,0.34366091997532927,6,1.0,5.0
0.005964214711729622,0.20608084207999403,6,1.0,5.0
0.005970149253731343,0.2504042736291244,6,1.0,5.0
0.005964214711729622,0.3056551714357304,6,1.0,5.0
0.005964214711729622,0.1608589202308571,6,1.0,5.0
0.005964214711729622,0.31091846070957824,6,1.0,5.0
0.005970149253731343,0.32747832247909575,6,1.0,5.0
0.005958291956305859,0.2927126194797647,6,1.0,5.0
0.005952380952380952,0.2164341029911045,6,1.0,5.0
0.005964214711729622,0.27537545191272406,6,1.0,5.0
0.0039603960396039604,0.2362241599064942,4,1.0,4.0
0.005958291956305859,0.2860911765164712,6,1.0,5.0
0.005952380952380952,0.3307654553891255,6,1.0,5.0
0.005952380952380952,0.3265802277579498,6,1.0,5.0
0.005958291956305859,0.29723684606097683,6,1.0,5.0
0.005958291956305859,0.3013421132258958,6,1.0,5.0
0.0049504950495049506,0.3212425654516713,5,1.0,5.0
0.005952380952380952,0.27343745601931246,6,1.0,5.0
0.01694915254237288,0.18858933991859872,17,15.0,30.0
0.050505050505050504,0.07109577986665486,50,62.0,203.0
0.0707070707070707,0.11160936113862936,70,41.0,165.0
0.008964143426294821,0.10133481907103897,9,0.0,10.0
0.00298804780876494,0.49196129348659684,3,1.0,2.0
0.0029791459781529296,0.3005460746172104,3,1.0,2.0
0.006937561942517344,0.4025699295495299,7,1.0,6.0
0.002976190476190476,0.4343677066883951,3,1.0,2.0
0.002982107355864811,0.4572600713980704,3,1.0,2.0
0.002982107355864811,0.49181001986045836,3,1.0,2.0
0.48518518518518516,0.13389882510240314,262,23040.0,88231.0
0.006109979633401222,0.49524947205362263,3,1.0,2.0
0.006211180124223602,0.20872031359776927,3,1.0,2.0
0.00625,0.04564354645876384,3,1.0,2.0
0.005555555555555556,0.4852484467867077,3,1.0,3.0
0.005555555555555556,0.488899664430264,3,1.0,3.0
0.005825242718446602,0.062257045445512006,3,1.0,2.0
0.008247422680412371,0.1758812812669693,4,1.0,3.0
0.005747126436781609,0.43934834357573604,3,1.0,2.0
0.007407407407407408,0.3319539015180802,4,1.0,4.0
0.014814814814814815,0.29333743226254416,8,1.0,8.0
0.012962962962962963,0.3611981828436075,7,1.0,10.0
0.0074487895716946,0.45800079024680734,4,1.0,3.0
0.015625,0.2725871280612537,6,1.0,5.0
0.005747126436781609,0.48160582292017934,3,1.0,2.0
0.07102803738317758,0.21771347567245355,38,35.0,72.0
0.07977736549165121,0.1610626725716863,43,57.0,105.0
0.07756813417190776,0.16880815013090059,37,16.0,70.0
0.15849056603773584,0.12630776338131924,84,0.0,2600.0
0.0150093808630394,0.1567526825706596,8,30.0,45.0
0.0074487895716946,0.18627683850416363,4,90.0,100.0
0.003703703703703704,0.4943715362273471,2,1.0,2.0
0.001,0.40343665000255324,2,1.0,2.0
0.001,0.4202943297997617,2,1.0,2.0
0.001,0.45387553525250773,2,1.0,2.0
0.001,0.42253167515377366,2,1.0,2.0
0.001,0.44911117824566843,2,1.0,2.0
0.02673403766651355,0.02110878238151562,291,0.0,2824.0
0.008084519981626091,0.02618781250884978,88,0.0,344.0
0.008727606798346348,0.022300068214267804,95,0.0,447.0
0.002756086357372531,0.017666376760694418,30,0.0,108.0
0.00018373909049150208,0.3950419575897956,2,1.0,2.0
0.057692307692307696,0.3960590171906697,3,1.0,3.0
0.09615384615384616,0.31907672235863777,5,1.0,5.0
0.4230769230769231,0.23263257468293042,22,1.0,27.0
0.9615384615384616,0.24820055153883316,50,1156.0,2872.0
1.0,0.2525036309700152,52,1067.0,2607.0
0.25,0.2991059804667097,13,601.0,953.0
0.25,0.2691977537626688,13,190.0,542.0
0.2692307692307692,0.2481451257076794,14,721.0,1087.0
0.2692307692307692,0.2649435609005794,14,386.0,738.0
0.057692307692307696,0.4640142245700214,3,1.0,3.0
0.0008309098462816784,0.3820856049704373,2,0.0,1.0
0.0008309098462816784,0.3583430769636624,2,0.0,1.0
0.0008309098462816784,0.37119953666154465,2,0.0,1.0
0.0008309098462816784,0.38417726966644633,2,0.0,1.0
0.0008309098462816784,0.41530058335931547,2,0.0,1.0
0.0008309098462816784,0.3834831168691852,2,0.0,1.0
0.9357798165137615,0.07089420480604701,204,45.0,1804020.0
0.9311926605504587,0.13098934583626498,203,1.0,624166.0
0.9770642201834863,0.06937483429238835,213,100.0,27678700.0
0.8623853211009175,0.12417420641566641,188,-512.0,270869.0
0.1834862385321101,0.08168572756614709,40,-512.0,26287.0
0.4541284403669725,0.15890390689468414,99,-512.0,164401.0
0.009174311926605505,0.06772854614785963,2,-512.0,0.0
0.009174311926605505,0.06772854614785963,2,-512.0,0.0
0.009174311926605505,0.06772854614785963,2,-512.0,0.0
0.009174311926605505,0.06772854614785963,2,-512.0,0.0
0.8899082568807339,0.12423288143902791,194,-512.0,270869.0
0.06422018348623854,0.07428357884378078,14,-512.0,26287.0
0.022935779816513763,0.08182332803427211,5,-512.0,1001.0
0.045871559633027525,0.06739499407174057,10,-512.0,99999.0
0.20642201834862386,0.08873977957506779,45,-512.0,8833.0
0.2981651376146789,0.08611385472524007,65,-512.0,14064.0
0.23853211009174313,0.08432983280819775,52,-512.0,401.0
0.26605504587155965,0.07563743864569421,58,-512.0,8198.0
0.05963302752293578,0.06495269223659889,13,-512.0,26.0
0.10550458715596331,0.05553554602347161,23,-512.0,1240.0
0.11926605504587157,0.06797588797492374,26,-512.0,20851.0
0.12844036697247707,0.10644781525110435,28,-512.0,2603.0
0.22935779816513763,0.08872370353031274,50,-512.0,8833.0
0.3348623853211009,0.0862230459314824,73,-512.0,14064.0
0.22018348623853212,0.056759699096532584,48,-512.0,339.0
0.30275229357798167,0.06423363502952528,66,-512.0,8198.0
0.4908256880733945,0.1067263452777685,107,-512.0,91298.0
0.1743119266055046,0.05817805605431378,38,-512.0,736.0
0.16972477064220184,0.062051077635049696,37,-512.0,243.0
0.009174311926605505,0.06772854614785963,2,-512.0,0.0
0.009174311926605505,0.06772854614785963,2,-512.0,0.0
0.009174311926605505,0.06772854614785963,2,-512.0,0.0
0.009174311926605505,0.06772854614785963,2,-512.0,0.0
0.9403669724770642,0.09697898987702816,205,-512.0,277589.0
0.9357798165137615,0.12978846886065232,204,-512.0,196565.0
0.963302752293578,0.09352604040707624,210,-512.0,3922430.0
0.7018348623853211,0.09878632387330395,153,-512.0,307561.0
0.1743119266055046,0.05817805605431378,38,-512.0,736.0
0.21100917431192662,0.0788029499562361,46,-512.0,1053.0
0.18807339449541285,0.06732586079368531,41,-512.0,1984.0
0.30275229357798167,0.07688974037501146,66,-512.0,1691.0
0.1559633027522936,0.06085020979910903,34,-512.0,134.0
0.022935779816513763,0.28161697674561714,5,1.0,5.0
0.051349740270799624,0.168712846242363,1206,0.0,1205.0
0.0032785489227624967,0.15159930389619125,77,18.0,99.0
0.00021289278719236992,0.27750767995609743,5,1.0,5.0
8.515711487694797e-05,0.38221563891455684,2,1.0,2.0
0.0034914417099548667,0.04673935657404868,82,0.0,122.0
0.00017041581458759374,0.30713129048309323,4,1.0,3.0
0.00029822767552828904,0.32630838376983357,7,1.0,6.0
0.0008946830265848671,0.27418420705249275,21,1.0,20.0
0.00027255837093408965,0.2921995388191172,229,1.0,233.0
0.00011307006654470968,0.2232356834138731,95,4.0,98.0
0.022181966633618468,0.11643089787955153,18637,1.0,27211.0
0.020269297192172697,0.10303183046131817,17030,1.0,27078.0
0.024927075046406788,0.04423999643571181,94,1.0,455.0
0.0008282716731087797,0.4646975758867816,3,1.0,2.0
0.0005302226935312832,0.3284941444531411,2,1.0,2.0
0.0005302226935312832,0.11438236669586908,2,1.0,2.0
0.0005302226935312832,0.10617354331162304,2,1.0,2.0
0.0005302226935312832,0.19355240167743995,2,1.0,2.0
0.0005302226935312832,0.1177163847388906,2,1.0,2.0
0.0005302226935312832,0.1177163847388906,2,1.0,2.0
0.0005302226935312832,0.12410074029682197,2,1.0,2.0
0.0005302226935312832,0.24125300678887432,2,1.0,2.0
0.0005302226935312832,0.24269161618898655,2,1.0,2.0
0.0005302226935312832,0.06892381030188967,2,1.0,2.0
0.0005302226935312832,0.09452463277251781,2,1.0,2.0
0.0005302226935312832,0.15751040915391748,2,1.0,2.0
0.0005302226935312832,0.0162822402256459,2,1.0,2.0
0.0005302226935312832,0.2154373609551822,2,1.0,2.0
0.0005302226935312832,0.29711874322742887,2,1.0,2.0
0.0005302226935312832,0.4029273316579674,2,1.0,2.0
0.0005302226935312832,0.23980312873890328,2,1.0,2.0
0.06834227619316577,0.08318749441037612,242,2.0,430.0
0.0005302226935312832,0.3034734561903352,2,1.0,2.0
0.0005302226935312832,0.30277767854780835,2,1.0,2.0
0.06938293475051668,0.08419770400326362,235,2.0,395.0
0.001325556733828208,0.2730213029171913,5,1.0,5.0
0.0010604453870625664,0.09316918203885388,4,1.0,4.0
0.004753855905345447,0.05261799151078027,45,0.0,87.0
0.005282062117050497,0.022182151215325713,50,1.0,351.0
0.0034861609972533275,0.03597715275100839,33,0.0,72.0
0.0036974434819353474,0.03724667579103197,35,0.0,98.0
0.005704627086414536,0.06202520580783562,54,0.0,117.0
0.005282062117050497,0.020454173854057615,50,0.0,630.0
0.0035918022395943377,0.020931033784551474,34,1.0,192.0
0.002957954785548278,0.0199650206547041,28,0.0,312.0
0.002957954785548278,0.018133761417683903,28,1.0,186.0
0.00021128248468201986,0.3557493107979453,2,0.0,1.0
0.010881047961124022,0.02192076080462821,103,1.0,929.0
0.0019015423621381788,0.06232728254100699,18,1.0,22.0
0.00021128248468201986,0.11049228413330317,2,0.0,1.0
0.011197971688147053,0.029175837684572194,106,0.0,578.0
0.0011620536657511093,0.059687071293835055,11,0.0,10.0
0.002535389816184238,0.013094261189475948,24,0.0,192.0
0.00021128248468201986,0.4973395185329142,2,0.0,1.0
0.03063596027889288,0.02177582937511596,290,0.0,5227.0
0.00021128248468201986,0.4375437876822003,2,0.0,1.0
0.003380519754912318,0.021022702421801057,32,0.0,159.0
0.005282062117050497,0.020464516755808754,50,0.0,315.0
0.009296429326008875,0.02186236800477254,88,2.0,739.0
0.019437988590745827,0.021098972596041068,184,0.0,2279.0
0.023241073315022183,0.02241231624872879,220,0.0,2948.0
0.008662581871962814,0.05149156153165194,82,0.0,197.0
0.004859497147686457,0.05495618414859129,46,0.0,100.0
0.01552926262412846,0.03833481148331991,147,1.0,727.0
0.011831819142193112,0.029344667571107628,112,0.0,639.0
0.00021128248468201986,0.08445563225060831,2,1.0,2.0
0.015344147303814117,0.18135961989199206,70,17.0,90.0
0.0015344147303814116,0.16503107800667172,7,1.0,7.0
0.9254712845243315,0.092764779020244,4222,20308.0,1184622.0
0.0035072336694432268,0.252488788296713,16,1.0,16.0
0.0035072336694432268,0.16868268698069758,16,1.0,16.0
0.0015344147303814116,0.24711905184418353,7,1.0,7.0
0.003068829460762823,0.30687286258306845,14,1.0,14.0
0.00131521262604121,0.321389566591752,6,1.0,6.0
0.0010960105217010083,0.21591042649851663,5,1.0,5.0
0.00043840420868040335,0.46234370473930914,2,1.0,2.0
0.01578255151249452,0.08429303666715658,72,0.0,99999.0
0.012494519947391494,0.11480301765029947,57,0.0,3683.0
0.016878562034195528,0.12228040270836184,77,2.0,99.0
0.00043840420868040335,0.43197896229438465,2,1.0,2.0
2e-06,0.5000002492711872,2,1.0,2.0
2e-06,0.49957277681230733,2,1.0,2.0
2e-06,0.4964722602731247,2,1.0,2.0
2e-06,0.4936541850460243,2,1.0,2.0
2e-06,0.4983967177412872,2,1.0,2.0
2e-06,0.43809847911317534,2,1.0,2.0
2e-06,0.48530721453744374,2,1.0,2.0
2e-06,0.43806437013228133,2,1.0,2.0
2e-06,0.4963128366085565,2,1.0,2.0
2e-06,0.4668242075008973,2,1.0,2.0
2e-06,0.4936570801845271,2,1.0,2.0
2e-06,0.4983969585767235,2,1.0,2.0
2e-06,0.4933913565913279,2,1.0,2.0
2e-06,0.4983438633329462,2,1.0,2.0
2e-06,0.49999786605731233,2,1.0,2.0
2e-06,0.5000001397761202,2,1.0,2.0
2e-06,0.5000000710710661,2,1.0,2.0
2e-06,0.4999986039076547,2,1.0,2.0
2e-06,0.5000002356001803,2,1.0,2.0
2e-06,0.49999892749777725,2,1.0,2.0
2e-06,0.5000002496391873,2,1.0,2.0
2e-06,0.5000000215160211,2,1.0,2.0
2e-06,0.49999972147064387,2,1.0,2.0
2e-06,0.4999961331401806,2,1.0,2.0
1e-05,0.3193391058569463,10,1.0,10.0
0.03849855630413859,0.2958623959158801,40,1.0,40.0
0.26371511068334935,0.10073277887049525,274,0.0,1490.0
0.2598652550529355,0.10038949583838257,270,0.0,1489.0
0.012512030798845043,0.13459644895768888,13,0.0,12.0
0.014436958614051972,0.29443273212744314,15,1.0,55.0
0.0019249278152069298,0.5002405581086973,2,0.0,1.0
0.02,0.40961596025952024,3,1.0,3.0
5.802988539097635e-05,0.49983331646084267,2,1.0,2.0
5.802988539097635e-05,0.4349078292276264,2,1.0,2.0
0.003946032206586392,0.18125739734501445,136,0.0,1.0
8.704482808646453e-05,0.4556002871284678,3,1.0,3.0
8.704482808646453e-05,0.4421814536286486,3,1.0,3.0
8.704482808646453e-05,0.41066885828090405,3,1.0,3.0
8.704482808646453e-05,0.4087589491890749,3,1.0,3.0
8.704482808646453e-05,0.3599538665488806,3,1.0,3.0
8.704482808646453e-05,0.33120002212448846,3,1.0,3.0
8.704482808646453e-05,0.2021574712523681,3,1.0,3.0
8.704482808646453e-05,0.19161214842618876,3,1.0,3.0
8.704482808646453e-05,0.3325009421206363,3,1.0,3.0
8.704482808646453e-05,0.3325009421206363,3,1.0,3.0
8.704482808646453e-05,0.1609968548490207,3,1.0,3.0
8.704482808646453e-05,0.16227990560945676,3,1.0,3.0
8.704482808646453e-05,0.23454692898141108,3,1.0,3.0
8.704482808646453e-05,0.14494729381835247,3,1.0,3.0
8.704482808646453e-05,0.22510314901578732,3,1.0,3.0
8.704482808646453e-05,0.2473579592833097,3,1.0,3.0
8.704482808646453e-05,0.34976097868080847,3,1.0,3.0
8.704482808646453e-05,0.35023054324211106,3,1.0,3.0
8.704482808646453e-05,0.19433498957426007,3,1.0,3.0
8.704482808646453e-05,0.19433498957426007,3,1.0,3.0
8.704482808646453e-05,0.43669539908291566,3,1.0,3.0
8.704482808646453e-05,0.12780792921816023,3,1.0,3.0
8.704482808646453e-05,0.27522705680988974,3,1.0,3.0
8.704482808646453e-05,0.2489482184314561,3,1.0,3.0
8.704482808646453e-05,0.2489322871406162,3,1.0,3.0
8.704482808646453e-05,0.29756118361389855,3,1.0,3.0
8.704482808646453e-05,0.29224102416386905,3,1.0,3.0
5.802988539097635e-05,0.45171723836994093,2,1.0,2.0
0.5052702702702703,0.11291461581994047,3739,-6879.0,6285.0
0.5106756756756756,0.10662189031282207,3779,-7141.0,6921.0
0.5144594594594595,0.1005490406646864,3807,-7734.0,7611.0
0.5077027027027027,0.10819377825782157,3757,-6627.0,7149.0
0.5081081081081081,0.10981537900154513,3760,-7184.0,6383.0
0.51,0.11051577574059794,3774,-6946.0,6743.0
0.5086486486486487,0.10804000322225789,3764,-7781.0,6285.0
0.49932432432432433,0.11187167316377797,3695,-6882.0,6357.0
0.5087837837837837,0.1046194058380719,3765,-7184.0,7487.0
0.5074324324324324,0.1060503201393863,3755,-7232.0,6757.0
0.5116216216216216,0.10104993093788568,3786,-7803.0,7208.0
0.5075675675675676,0.10598791216692151,3756,-7395.0,6791.0
0.5068918918918919,0.11203660434881156,3751,-7096.0,6403.0
0.5062162162162163,0.10083790991060607,3746,-7472.0,7261.0
0.5060810810810811,0.1023428800903326,3745,-7342.0,7372.0
0.5131081081081081,0.10855018214624654,3797,-7121.0,6905.0
0.5033783783783784,0.1040327078879715,3725,-7163.0,7175.0
0.5117567567567568,0.09768051190946567,3787,-8778.0,6896.0
0.5056756756756757,0.11078797181376483,3742,-7554.0,5726.0
0.497972972972973,0.10341343293775847,3685,-6722.0,7627.0
0.0002702702702702703,0.5000101181385834,2,1.0,2.0
0.0003429355281207133,0.5000428724545268,2,1.0,2.0
0.0193758573388203,0.18697896537474942,113,0.0,131.0
0.028978052126200273,0.18850819994473336,169,75.0,255.0
0.0193758573388203,0.18697896537474942,113,0.0,131.0
0.01954732510288066,0.19133063663499641,114,0.0,125.0
0.08179012345679013,0.2763936708920851,477,2.0,479.0
0.0193758573388203,0.18697896537474942,113,0.0,131.0
0.03069272976680384,0.24377123865181272,179,70.0,255.0
0.019890260631001373,0.18551178988165742,116,0.0,131.0
0.03223593964334705,0.23773816429060868,188,57.0,255.0
0.016975308641975308,0.1898883981789943,99,0.0,108.0
0.019890260631001373,0.20412750431967855,116,0.0,119.0
0.9861111111111112,0.09983416595355699,5751,7506.0,716223.0
0.08179012345679013,0.25075465105749006,477,2.0,479.0
0.030864197530864196,0.19313492064586413,180,63.0,255.0
0.9825102880658436,0.06670091023333773,5730,673.0,933558.0
0.0193758573388203,0.18697896537474942,113,0.0,131.0
0.03223593964334705,0.23773816429060868,188,57.0,255.0
0.03069272976680384,0.24377123865181272,179,70.0,255.0
0.9819958847736625,0.08446522838533309,5727,3144.0,833839.0
0.9866255144032922,0.0899915018412329,5754,673.0,761015.0
0.9837105624142661,0.0858100347130542,5737,3626.0,783560.0
0.005315500685871056,0.07822848224662543,31,8.0,45.0
0.016975308641975308,0.18916645824989314,99,0.0,108.0
0.9861111111111112,0.09983416595355699,5751,7506.0,716223.0
0.016975308641975308,0.18916645824989314,99,0.0,108.0
0.9835390946502057,0.0801721076627336,5736,4180.0,855200.0
0.03223593964334705,0.23773816429060868,188,57.0,255.0
0.03223593964334705,0.23773816429060868,188,57.0,255.0
0.16556291390728478,0.30792611774690276,25,1.0,25.0
0.17218543046357615,0.30664355417271255,26,1.0,26.0
0.013245033112582781,0.3605245136531112,2,1.0,2.0
0.304635761589404,0.2046628323276753,46,3.0,66.0
0.019867549668874173,0.4101633766988332,3,1.0,3.0
0.017408123791102514,0.28922222859072083,9,1.0,9.0
0.013539651837524178,0.17570005756997284,7,2.0,9.0
0.1450676982591876,0.19197022634562835,75,15.0,100.0
0.002898550724637681,0.4674823918720558,2,1.0,2.0
0.5072463768115942,0.2662809515027522,350,1.0,350.0
0.3115942028985507,0.27473194233045234,215,1.0,215.0
0.004347826086956522,0.21503141611809937,3,1.0,3.0
0.020289855072463767,0.2833280605716371,14,1.0,14.0
0.011594202898550725,0.23370611539326613,8,1.0,8.0
0.19130434782608696,0.2773192858502251,132,1.0,132.0
0.002898550724637681,0.49982433127002757,2,1.0,2.0
0.002898550724637681,0.49508001961918136,2,1.0,2.0
0.03333333333333333,0.18338239391050679,23,1.0,23.0
0.002898550724637681,0.4985918624611388,2,1.0,2.0
0.004347826086956522,0.14940653020590675,3,1.0,3.0
0.24782608695652175,0.27147168818626183,171,1.0,171.0
0.34782608695652173,0.3041633833882036,240,1.0,240.0
0.002898550724637681,0.49731827478938906,2,1.0,2.0
0.00010515247108307045,0.47749166466854986,2,1.0,2.0
5.006508460999299e-05,0.3742425813746194,2,1.0,2.0
0.0024782216881946532,0.005573008111117837,99,1.0,11820.0
0.1737508761389807,0.2704219055135004,6941,482436910553333.0,1.8440943169576868e+19
0.48132572344047264,0.3402421011473561,19228,1000515.0,22227340.0
0.15179733653749874,0.30252579497949306,6064,82.0,39074.0
7.509762691498949e-05,0.35770346092464844,3,1.0,3.0
7.509762691498949e-05,0.3157722945313102,3,1.0,3.0
0.7697006107940323,0.22261880044583646,30748,0.0,26240100.0
0.4957194352658456,0.08117585187360149,19803,0.0,1243163.0
0.6338490037048162,0.11497552417748495,25321,0.0,4050208.0
0.5602533293281265,0.10353895913345022,22381,0.0,3171504.0
0.7538299789726645,0.2297227195264635,30114,0.0,23907337.0
0.006818181818181818,0.38713622461505,3,1.0,3.0
0.9840909090909091,0.11277355695221396,433,3.0,112151.0
0.9568181818181818,0.10049122686397399,421,55.0,73498.0
0.9772727272727273,0.10243015864917324,430,3.0,92780.0
0.9681818181818181,0.07978885892762419,426,25.0,60869.0
0.9477272727272728,0.11679047736390852,417,3.0,40827.0
0.004545454545454545,0.46805156947911375,2,1.0,2.0
0.006818181818181818,0.38713622461505,3,1.0,3.0
0.019801980198019802,0.4969212141469782,2,1.0,2.0
0.019801980198019802,0.40049474354098635,2,1.0,2.0
0.019801980198019802,0.49532467599895064,2,1.0,2.0
0.019801980198019802,0.493522397096265,2,1.0,2.0
0.019801980198019802,0.42775027414334044,2,1.0,2.0
0.019801980198019802,0.48133477779694206,2,1.0,2.0
0.019801980198019802,0.4995047051780889,2,1.0,2.0
0.019801980198019802,0.49151211421066887,2,1.0,2.0
0.019801980198019802,0.38460472186286004,2,1.0,2.0
0.019801980198019802,0.4078438839352215,2,1.0,2.0
0.019801980198019802,0.2714099599068422,2,1.0,2.0
0.019801980198019802,0.37601348195757744,2,1.0,2.0
0.0594059405940594,0.2506387878605345,6,1.0,6.0
0.019801980198019802,0.43939652585186995,2,1.0,2.0
0.019801980198019802,0.3365521159236312,2,1.0,2.0
0.019801980198019802,0.4983139890502457,2,1.0,2.0
0.024,0.3756714418984554,3,1.0,3.0
0.024,0.3756714418984554,3,1.0,3.0
0.368,0.2168381800066305,46,16.0,97.0
0.016,0.4901612637858372,2,1.0,2.0
0.024927075046406788,0.04423999643571181,94,1.0,455.0
0.0008282716731087797,0.4646975758867816,3,1.0,2.0
0.0005302226935312832,0.3284941444531411,2,1.0,2.0
0.0005302226935312832,0.11438236669586908,2,1.0,2.0
0.0005302226935312832,0.10617354331162304,2,1.0,2.0
0.0005302226935312832,0.19355240167743995,2,1.0,2.0
0.0005302226935312832,0.1177163847388906,2,1.0,2.0
0.0005302226935312832,0.1177163847388906,2,1.0,2.0
0.0005302226935312832,0.12410074029682197,2,1.0,2.0
0.0005302226935312832,0.24125300678887432,2,1.0,2.0
0.0005302226935312832,0.24269161618898655,2,1.0,2.0
0.0005302226935312832,0.06892381030188967,2,1.0,2.0
0.0005302226935312832,0.09452463277251781,2,1.0,2.0
0.0005302226935312832,0.15751040915391748,2,1.0,2.0
0.0005302226935312832,0.0162822402256459,2,1.0,2.0
0.0005302226935312832,0.2154373609551822,2,1.0,2.0
0.0005302226935312832,0.29711874322742887,2,1.0,2.0
0.0005302226935312832,0.4029273316579674,2,1.0,2.0
0.0005302226935312832,0.23980312873890328,2,1.0,2.0
0.06834227619316577,0.08318749441037612,242,2.0,430.0
0.0005302226935312832,0.3034734561903352,2,1.0,2.0
0.0005302226935312832,0.30277767854780835,2,1.0,2.0
0.06938293475051668,0.08419770400326362,235,2.0,395.0
0.001325556733828208,0.1802209698983093,5,1.0,5.0
0.0005302226935312832,0.23980312873890328,2,1.0,2.0
0.0003356011837569027,0.06969422660914824,22,1.0,39.0
0.0003966195808036123,0.07254165845174308,26,1.0,46.0
0.00019830979040180615,0.09119703944234966,13,1.0,13.0
0.012783354181285657,0.013145115741294363,838,2.0,23420.0
6.101839704670958e-05,0.04701887674312201,4,0.0,3.0
7.627299630838698e-05,0.05443596587205811,5,0.0,4.0
0.0007169661652988376,0.029262220511600306,47,0.0,220.0
0.0012813863379809013,0.04815821953887421,84,2.0,232.0
0.0022881898892516093,0.041801589966647935,150,1.0,444.0
0.012269938650306749,0.5015313971540449,2,1.0,2.0
0.10429447852760736,0.19793778065781115,17,0.0,16.0
0.09202453987730061,0.2103039092972659,15,0.0,14.0
0.018404907975460124,0.25684597589977637,3,1.0,3.0
0.024539877300613498,0.21586373907052217,4,0.0,3.0
0.012269938650306749,0.21670031025390096,2,1.0,2.0
0.012269938650306749,0.5015313971540449,2,1.0,2.0
0.09202453987730061,0.20835955047238033,15,0.0,15.0
0.09202453987730061,0.201134573693418,15,0.0,16.0
0.012269938650306749,0.49880566285667494,2,1.0,2.0
0.024539877300613498,0.2115915158053131,4,0.0,3.0
0.012269938650306749,0.15519482958004724,2,1.0,2.0
0.018518518518518517,0.5015503913178175,3,1.0,2.0
0.08641975308641975,0.24190773735279378,14,0.0,13.0
0.09876543209876543,0.22868450542448368,16,0.0,14.0
0.018518518518518517,0.4984447862792269,3,1.0,2.0
0.030864197530864196,0.21679791895118158,5,0.0,3.0
0.018518518518518517,0.22977169333035918,3,1.0,2.0
0.0007182188173330142,0.41112020758734136,3,1.0,3.0
0.006703375628441465,0.11514889400243315,28,1.0,29.0
0.9991386735572783,0.08531586394188184,1160,1002.0,29269.0
0.0034453057708871662,0.24662556092574053,4,1.0,4.0
0.39158279963403475,0.1601017583294634,428,270.0,1009.0
0.2702222222222222,0.14337200313519707,304,234.0,733.0
0.2075637642919965,0.14531618902263194,236,199.0,576.0
0.2971576227390181,0.14556264882744682,345,232.0,866.0
0.444647758462946,0.16549047299969197,486,319.0,1236.0
0.33244444444444443,0.15734811948611932,374,292.0,909.0
0.27088830255057167,0.1602214682246572,308,246.0,717.0
0.37123169681309215,0.14900563727995073,431,265.0,1075.0
0.2566752799310939,0.1430175163043617,298,0.0,997.0
0.21963824289405684,0.1240223429988144,255,0.0,721.0
0.20757967269595176,0.14275102747496124,241,0.0,510.0
0.0714900947459087,0.10962973882572845,83,0.0,178.0
0.0017226528854435831,0.45834214226911857,2,1.0,2.0
0.021739130434782608,0.2870743880865109,16,1.0,16.0
0.005434782608695652,0.05259137024979185,4,1.0,22.0
0.010869565217391304,0.3029490823304444,8,1.0,8.0
0.016304347826086956,0.2607979769519734,12,1.0,12.0
0.012228260869565218,0.25744991018162444,9,70.0,300.0
0.01358695652173913,0.16092218247222295,10,850.0,1750.0
0.002717391304347826,0.4931878447628529,2,-3.0,-2.0
0.036684782608695655,0.2787243131342944,27,1.0,27.0
0.11796982167352538,0.1888944050406194,86,1.0,3275.0
0.006793478260869565,0.34966749638788075,5,1.0,5.0
0.0006257822277847309,0.3150489146141286,2,1.0,2.0
0.0006257822277847309,0.25586080879466006,2,1.0,2.0
0.0006257822277847309,0.1901275150391053,2,1.0,2.0
0.0006257822277847309,0.30104575050286336,2,1.0,2.0
0.0006257822277847309,0.47166236453048677,2,1.0,2.0
0.0006257822277847309,0.49857040892437704,2,1.0,2.0
0.0006257822277847309,0.48180780919942834,2,1.0,2.0
0.0006257822277847309,0.41279631105456277,2,1.0,2.0
0.0006257822277847309,0.4855797487148031,2,1.0,2.0
0.0006257822277847309,0.45997667127570097,2,1.0,2.0
0.0006257822277847309,0.495359823783967,2,1.0,2.0
0.0006257822277847309,0.30677067271120145,2,1.0,2.0
0.0006257822277847309,0.4625964627154996,2,1.0,2.0
0.0006257822277847309,0.06835788978066684,2,1.0,2.0
0.0009386733416770963,0.22631626366777566,3,1.0,3.0
0.0006257822277847309,0.2155064507473355,2,1.0,2.0
0.0006257822277847309,0.17157651355281103,2,1.0,2.0
0.0006257822277847309,0.46374298305989253,2,1.0,2.0
0.0006257822277847309,0.08984160223427409,2,1.0,2.0
0.0006257822277847309,0.35792301427682005,2,1.0,2.0
0.0006257822277847309,0.38650417836510587,2,1.0,2.0
0.0006257822277847309,0.40025023461940795,2,1.0,2.0
0.0006257822277847309,0.23237333668370963,2,1.0,2.0
0.0006257822277847309,0.4859622849259511,2,1.0,2.0
0.0006257822277847309,0.058574992862150205,2,1.0,2.0
0.0006257822277847309,0.46116793088315033,2,1.0,2.0
0.0006257822277847309,0.22753885608574526,2,1.0,2.0
0.0006257822277847309,0.017688728441930632,2,1.0,2.0
0.0006257822277847309,0.12039167109604992,2,1.0,2.0
0.0006257822277847309,0.20187909578199245,2,1.0,2.0
0.0006257822277847309,0.38154505685754686,2,1.0,2.0
0.0006257822277847309,0.22753885608574526,2,1.0,2.0
0.0006257822277847309,0.48526987009440187,2,1.0,2.0
0.0006257822277847309,0.48342131677001915,2,1.0,2.0
0.0006257822277847309,0.4420764570458252,2,1.0,2.0
0.0006257822277847309,0.43125856173528626,2,1.0,2.0
1.0,0.28132430301172723,471,52.0,621.0
0.19532908704883228,0.3155399031047595,92,0.0,615.0
0.9511677282377919,0.11233625006424482,448,30.0,999500.0
0.8874734607218684,0.08791032111481802,418,2220.0,25377.0
0.19532908704883228,0.0692090539499137,92,219911.0,900080.0
0.008492569002123142,0.15446845968292747,4,1.0,4.0
0.004246284501061571,0.4016949228461068,2,1.0,2.0
0.004246284501061571,0.13705120550834826,2,20.0,30.0
0.21428571428571427,0.4143709650823724,3,1.0,3.0
0.8571428571428571,0.3129365456490357,12,64.0,85.0
0.7142857142857143,0.33178123361313017,10,65.0,96.0
0.14285714285714285,0.4972451580988469,2,1.0,2.0
4.7770890807686335e-05,0.3124674018017194,4,1.0,4.0
0.005050402817699688,0.012133710252671336,2495,0.0,58329.0
6.07262863851666e-06,0.2878028032243013,3,1.0,3.0
2.2266305007894416e-05,0.22508550698368276,11,1.0,11.0
0.006679891502368325,0.0014252290450018491,3300,0.0,693375640.0
0.021709647382697057,0.006408736252795274,10725,0.0,5155468.0
4.0484190923444395e-06,0.006673133971526146,2,1.0,2.0
6.07262863851666e-06,0.04493512804387852,3,0.0,3.0
8.096838184688879e-06,0.0018367545012232746,4,0.0,3.0
4.453261001578883e-05,0.026070112398344492,22,0.0,30.0
1.214525727703332e-05,0.003103922521782426,6,0.0,5.0
4.0484190923444395e-06,0.35534304950559575,2,1.0,2.0
4.6556819561961054e-05,0.0020343077800779293,23,0.0,884.0
4.0484190923444395e-06,0.010550798816426512,2,0.0,1.0
6.07262863851666e-06,0.00389631498149174,3,0.0,2.0
4.048419092344439e-05,0.0020269087236675916,20,0.0,993.0
3.6435771831099954e-05,0.0034434277234357638,18,0.0,28.0
6.07262863851666e-06,0.005510010673829999,3,0.0,2.0
1.4169466823205539e-05,0.004560215862870028,7,0.0,8.0
4.0484190923444395e-06,0.03721106996669842,2,1.0,2.0
0.0009918626776243876,0.4171176256758133,490,0.0,511.0
0.0009513784867009432,0.4820405783213853,470,0.0,511.0
0.0005181976438200883,0.25390039644820483,256,0.0,255.0
0.0005181976438200883,0.41584393996071745,256,0.0,255.0
4.6556819561961054e-05,0.10444431718346346,23,1.0,23.0
0.00749063670411985,0.40518450259935523,2,1.0,2.0
0.00749063670411985,0.4979754003061526,2,1.0,2.0
0.00749063670411985,0.43218883916738676,2,1.0,2.0
0.00749063670411985,0.4893906951642069,2,1.0,2.0
0.00749063670411985,0.4520922172817165,2,1.0,2.0
0.00749063670411985,0.4917156046645005,2,1.0,2.0
0.00749063670411985,0.4253915995997726,2,1.0,2.0
0.00749063670411985,0.4520922172817165,2,1.0,2.0
0.00749063670411985,0.4955662163620095,2,1.0,2.0
0.00749063670411985,0.4637153889265377,2,1.0,2.0
0.00749063670411985,0.4858679834412025,2,1.0,2.0
0.00749063670411985,0.42996778145842657,2,1.0,2.0
0.00749063670411985,0.45729454552990895,2,1.0,2.0
0.00749063670411985,0.5009073460228485,2,1.0,2.0
0.00749063670411985,0.46057730320335016,2,1.0,2.0
0.00749063670411985,0.38156086123735766,2,1.0,2.0
0.00749063670411985,0.46371538892653774,2,1.0,2.0
0.00749063670411985,0.3500363047745849,2,1.0,2.0
0.00749063670411985,0.3381283347297183,2,1.0,2.0
0.00749063670411985,0.43218883916738676,2,1.0,2.0
0.00749063670411985,0.46815758491816517,2,1.0,2.0
0.00749063670411985,0.4818522362087303,2,1.0,2.0
0.00749063670411985,0.4931167103235112,2,1.0,2.0
